DQ,adityakhevaria,1297305627
DQ,mahivermaa,1297278031
DQ,qingning68,1297279491
DQ,sushmanthreddy,1297289093
DQ,smoothengineer,1297289415
DQ,kunaaljain,1297289478
DQ,piskepraveen,1297291556
DQ,user8692n,1297291953
DQ,aarushkute,1297292088
DQ,keagen,1297292418
DQ,murali_murugan024,1297293007
DQ,bhavanbhatt6,1297293619
DQ,vigneshwaran_25,1297294020
DQ,karansethi34349,1297294087
DQ,aniket_dutta,1297294140
DQ,adityapratap01,1297296487
DQ,Pseudoproton,1297296787
DQ,abhishek-exists,1297296939
DQ,Prince_20,1297297427
DQ,SahdevSaini,1297298415
DQ,shanu8912,1297291564
DQ,Rishabh_rthr001,1297299468
DQ,zaphieyr,1297299762
DQ,harsh0615,1297300553
DQ,Kayalennian10,1297300878
DQ,__janmesh,1297302451
DQ,ankitsaz,1297294463
DQ,Navakanth95,1297302558
DQ,anshsaxena1703,1297304196
DQ,21uec026,1297296624
DQ,vikram_vikky,1297297318
DQ,zaid5496,1297297634
DQ,ashutosh75,1297298913
DQ,vansh_here,1297307297
DQ,adityakdas06,1297291925
DQ,ayush-jha93,1297292371
DQ,shivaashok,1297300544
DQ,Sahaj_Gupta,1297293601
DQ,aparna03dubey,1297301653
DQ,2100032054,1297309579
DQ,nandhini1012,1297309739
DQ,SankritaPatel,1297312239
DQ,_nikhil02,1297304578
DQ,2100030642,1297313980
DQ,arunhwg8273,1297306526
DQ,kuna_jaganmohan_rao,1297314243
DQ,devmaan02,1297307881
DQ,codinglegond1980,1297285002
DQ,StarAditya,1297316857
DQ,hizinberg,1297301428
DQ,coderankit27,1297309227
DQ,prefonixs,1297309905
DQ,ramkumar_13,1297317586
DQ,Bapparajsk,1297302293
DQ,Kr_Abhi_03,1297302473
DQ,mahesh_02,1297295358
DQ,krishna_170504,1297295402
DQ,omkar17coder,1297303990
DQ,princeyadav3100,1297296057
DQ,kajalshingavi,1297312095
DQ,190031309_JAYAKRISHNA,1297319758
DQ,charumathip21,1297312923
DQ,21beadmec008,1297305800
DQ,thewizardsri,1297306135
DQ,shrii210204,1297313709
DQ,giri69,1297306374
DQ,Ishwarya0705,1297298188
DQ,SomeshRaj09,1297321802
DQ,s_m_s_r_e_,1297307303
DQ,arjun_17,1297322713
DQ,skrsumit250,1297315701
DQ,agBGlxxvQ8,1297315807
DQ,Cherukuri-PrasannaLakshmi,1297315958
DQ,theshivesh,1297323502
DQ,Eshaan14_,1297308768
DQ,knight_111,1297293559
DQ,Saransh6772,1297317562
DQ,coder_buzz,1297310132
DQ,Eternatus_11,1297325102
DQ,niranjan_pandey8,1297325107
DQ,BOLTACTIONBILLIONAIRE,1297294421
DQ,2000rating,1297294495
DQ,hadesthegawd,1297310418
DQ,satshivdee,1297302822
DQ,Obaid07,1297326048
DQ,AbhinavKaushik,1297318852
DQ,sanjay_sr,1297311646
DQ,rghanks,1297319930
DQ,RiyaJaiswal,1297296800
DQ,devanshu77,1297313341
DQ,Pythondevopover,1297321015
DQ,sodaa,1297321304
DQ,ayush_art,1297290463
DQ,Drkknight724,1297328556
DQ,AetherCave,1297306726
DQ,rudronha,1297314405
DQ,arnavmehta290,1297329606
DQ,freebie,1297299863
DQ,Nikita-langote_45,1297323346
DQ,jainamit130,1297330585
DQ,arunkumarsaranga,1297330684
DQ,4gTseg8aJs,1297316360
DQ,yadav_0206,1297323769
DQ,adityaa-raj,1297331108
DQ,shivamBasak,1297316964
DQ,sanjanamareddy2838,1297331410
DQ,thirumurugans961,1297309616
DQ,vermapiyush823,1297325463
DQ,kumaraditya33871,1297326023
DQ,kjjkll,1297332959
DQ,aman7482,1297312476
DQ,QQd2WUIUxS,1297334769
DQ,ramani_vellanki,1297335935
DQ,shank_089,1297322696
DQ,Ashish_Tiwari_07,1297336779
DQ,venkatakousikcse01,1297308490
DQ,BharathChandra_26,1297323626
DQ,himalpandey027,1297337446
DQ,sauhard_01,1297325793
DQ,dark_knight_786,1297319194
DQ,sakshamupreti101,1297295923
DQ,shiv28ang,1297333398
DQ,Veerendr_Babu508,1297334240
DQ,Hariharan__S,1297313953
DQ,Heisenberg_wc,1297343280
DQ,rajnarayansharma110,1297343497
DQ,chanduanand153,1297344814
DQ,kaneki_io,1297332457
DQ,genuine_code,1297346396
DQ,klu_2200031692,1297346818
DQ,Saksham_chaudhary_2002,1297313645
DQ,NishantGarg09,1297314735
DQ,Ganesh287,1297342700
DQ,TEMP1234567890,1297323377
DQ,N-Priyadharshini,1297330517
DQ,save__trees,1297331162
DQ,dineshsutihar,1297337686
DQ,Harshit-code-tech,1297309833
DQ,manql,1297318128
DQ,sriharan780,1297345157
DQ,Maykkkk,1297295395
DQ,VinayKishore25,1297352026
DQ,Darshan0902,1297345909
DQ,user5752SW,1297340459
DQ,anshisrivastav2003,1297327383
DQ,TanmayManocha,1297352971
DQ,elder_actor6,1297353531
DQ,asvitha_07,1297342776
DQ,Domesh-13dex_ter-D,1297342551
DQ,awm_ashish,1297315847
DQ,speedcuberayush,1297349807
DQ,manasa_sunkari,1297336076
DQ,Nishant_Patil_43,1297350278
DQ,avijitpandey12,1297356792
DQ,Rajeswari_kuntluru5,1297344479
DQ,xGh0st,1297338424
DQ,rohith_s16,1297337170
DQ,adarshkumar8545,1297332309
DQ,ney_611,1297358351
DQ,aditi0309,1297333570
DQ,codefactoryy,1297359191
DQ,rebel_2002,1297353317
DQ,itz_dhruv,1297334734
DQ,Nikhil_chavan11,1297354093
DQ,beunique_18,1297314346
DQ,user1358WW,1297322084
DQ,jenineeuq,1297348680
DQ,Vansh_S2003,1297350386
DQ,Devendra_19,1297351214
DQ,Edens_Exile,1297357408
DQ,abhishekM_2003,1297351450
DQ,danielxu2001,1297351399
DQ,franklin_ader,1297351611
DQ,SMajumder2003,1297358498
DQ,MANOJ_KUMAR2001,1297359393
DQ,ahmedadel3,1297298033
DQ,TheKingslayr,1297359403
DQ,upendrapatel,1297361444
DQ,Samir_Atpadkar,1297362305
DQ,siddharth-kiet,1297349906
DQ,utsavladia,1297356190
DQ,Ksandesh7,1297362785
DQ,amanraj16295,1297344238
DQ,dhruv_its_26,1297350804
DQ,thakurshashant,1297345996
DQ,champathkrishnaa,1297352283
DQ,Aamit_,1297347277
DQ,Rajalaxmi01,1297360076
DQ,MPawan2030,1297349721
DQ,aaryan_gupta03,1297350053
DQ,visheshrwl,1297354283
DQ,nabinagrawal64,1297360581
DQ,Vive007,1297353816
DQ,captSomu,1297362364
DQ,a5i7,1297358269
DQ,yashwanth_010906,1297352386
DQ,ShriyamChandra,1297358752
DQ,Razor123,1297362535
DQ,gauravbajpaye,1297336653
DQ,Nilam_Solanki,1297353190
DQ,aayushpandey01,1297356078
DQ,muthuhariharan2001,1297291577
DQ,sreenidhi_27,1297344649
DQ,aditya_sharma__20,1297333171
DQ,TarunThimmayan,1297359362
DQ,bibinsamuel,1297332146
DQ,priyaalwal123,1297349210
