DQ,bdyby0111212,1255271192
DQ,vivekgupta_87,1255271992
DQ,amanrajput45,1255276393
DQ,adarshkumarshah,1255276613
DQ,poongu_zhali_,1255277771
DQ,coderankit27,1255277887
DQ,AmanS09,1255269571
DQ,Hanshan_2k4,1255278994
DQ,Vipul8765,1255279336
DQ,Shweta__Ranjan,1255279357
DQ,K_Sabarish,1255279627
DQ,priyanshusrivastava770,1255277447
DQ,Gaurav_Kumar_Gupta,1255280099
DQ,suriya_sece,1255280211
DQ,jvjeeva,1255279553
DQ,charanvamsi,1255280806
DQ,shivgupta19,1255281089
DQ,Nishant_Patil_43,1255279452
DQ,N-Priyadharshini,1255278819
DQ,Shruti198,1255282228
DQ,Mahalakshmi_SA,1255282372
DQ,ramkumar_13,1255278068
DQ,praveena___7,1255282582
DQ,maheshwarramisetty9,1255275454
DQ,AkshatPandey_Bennett,1255275632
DQ,prathamvs18,1255275819
DQ,AayushRaj001,1255276218
DQ,abigailsummerx1,1255284258
DQ,rajakumarcsecs,1255284716
DQ,chirag_m,1255274119
DQ,ankithathanneru,1255277197
DQ,sumanthreddy_25,1255281283
DQ,Suyash_293,1255284348
DQ,SKishor12,1255276283
DQ,jasperenoch0,1255285827
DQ,maaswin03,1255277886
DQ,sumantsjha474,1255275196
DQ,SahilSaxena,1255281887
DQ,45ujjwal,1255279507
DQ,gopika30,1255274579
DQ,dharshancs,1255286234
DQ,akashharad9999,1255286738
DQ,avanish_23,1255281359
DQ,nita_muskan,1255275132
DQ,ayushmehelda,1255277433
DQ,devanshmundi,1255280471
DQ,ishan_exe,1255279307
DQ,sriram22122,1255287534
DQ,yodkS5Nsmj,1255269234
DQ,dhruvmehtaaa,1255273073
DQ,Snehakrn_12,1255271771
DQ,AjainRock4,1255287760
DQ,dharanig2809,1255280148
DQ,Sudhan-23082004,1255280195
DQ,abishekcsecs,1255288167
DQ,aakash_maan_07,1255272204
DQ,user7566OL,1255288341
DQ,saranya78,1255288426
DQ,unm0l,1255280627
DQ,kuladeep_292003,1255280790
DQ,gauravaggarwal147258,1255288890
DQ,Lucifer204,1255284776
DQ,itzzDevanshusharma,1255289503
DQ,TheAriyanBhaumik,1255271660
DQ,Shubham25-stack,1255287851
DQ,SHLOKKHAIRNAR,1255270157
DQ,hks007,1255289761
DQ,tangorishi,1255282354
DQ,garud_4417k,1255274617
DQ,deepak____2272,1255287517
DQ,al_ok,1255276584
DQ,theashumishra,1255290718
DQ,nikhilmaan25,1255290803
DQ,its_akshayyyy,1255290893
DQ,jainamit130,1255290903
DQ,nikhilshivhare,1255276082
DQ,Raja_chichulkar,1255291090
DQ,harshkumar_23,1255286621
DQ,soumya_kush,1255273254
DQ,dhanushwaran2004,1255283559
DQ,manishsingh_23,1255275665
DQ,rajkumar33,1255285291
DQ,Chiragtomar,1255291641
DQ,ganpatinath07,1255291677
DQ,__Nanda,1255291866
DQ,shivam_gupta01,1255266315
DQ,dhruv_kumar_tiwari,1255275827
DQ,BeastIncarnate,1255276072
DQ,Snigdha_Siddhanta,1255273723
DQ,Taruncrrm,1255277052
DQ,Adityavyas1905,1255285009
DQ,arya_lakshmi,1255278879
DQ,keerthana_k_k,1255277737
DQ,Akash_Barik,1255293119
DQ,IseRot8Ttc,1255278698
DQ,Delhi_Boy_2,1255274307
DQ,prtk2342,1255271265
DQ,BittuSharma,1255274608
DQ,virat_kohli182004,1255277946
DQ,AKJ003,1255271448
DQ,adityashah01,1255293714
DQ,Ranjan_22,1255286458
DQ,Ankit1017,1255278101
DQ,himanshu_bagde125,1255276826
DQ,npk14,1255288641
DQ,d_Dhruv_Tripathi,1255294237
DQ,Gana442,1255278602
DQ,Kowsick_07,1255294646
DQ,libberajkeerthy,1255292062
DQ,subiksha_annadurai,1255294963
DQ,pewlkit,1255273248
DQ,kavinesh2004,1255277549
DQ,Abhishek_Kumar_Bauri,1255279851
DQ,AnishSukhramani,1255270379
DQ,venkatakousikcse01,1255270168
DQ,NITHYAR711110,1255295676
DQ,daarisameen,1255284386
DQ,Sanuthreddy,1255272844
DQ,vanshars,1255267705
DQ,deaduser411,1255271873
DQ,KIRUTHICKSARAN_0311,1255281581
DQ,PoojahariniK_27,1255296497
DQ,Aetheex_one8,1255276968
DQ,_sb_2520,1255270106
DQ,sandeepiitBombay,1255285095
DQ,Prob_viku,1255289084
DQ,Lakshanyaa_Deepan,1255296915
DQ,parthmovaliya28,1255292122
DQ,SANCHIT82,1255274915
DQ,gaurav0205,1255282662
DQ,kavikantraushan02,1255297944
DQ,amitasj7,1255282306
DQ,dhruvjain152003,1255285831
DQ,tanishqsingh,1255274842
DQ,S_0203,1255298356
DQ,TheCalmOcean,1255271403
DQ,s_n_0607,1255282684
DQ,keshavbaskar005,1255277488
DQ,Sunny2903,1255298916
DQ,phoenix_blaze,1255298993
DQ,aniketsonawane6109,1255299217
DQ,vikash_2201,1255274801
DQ,gurmeetrathorjnv1012,1255288796
DQ,yugalsarkar108,1255282101
DQ,animesh_7585,1255288414
DQ,shooter_99,1255284594
DQ,sammeshach023,1255271796
DQ,UShhpro07,1255284650
DQ,ramkumar_9301,1255274750
DQ,Umair__Saad,1255276823
DQ,Anurag_Sahu_117,1255281431
DQ,The_nikhil_,1255281907
DQ,devs14,1255300795
DQ,2210030218,1255293744
DQ,vinamra-123,1255282726
DQ,divyanshuverma,1255259632
DQ,sourav_951,1255277604
DQ,user6801cR,1255277016
DQ,manasraj9546,1255282813
DQ,sarithrapurush,1255301110
DQ,poojitha_72,1255299127
DQ,karthigaiselvamr,1255285847
DQ,himanshu19660,1255269382
DQ,shoyab_07,1255282953
DQ,Vishnu24v,1255301577
DQ,sruthi83,1255276702
DQ,visinigiri-aditya,1255286283
DQ,sanjaysinghrawatk,1255278533
DQ,AlgorithmArtisan,1255288331
DQ,ak4970799,1255302095
DQ,nithyasri_04,1255294611
DQ,Rishi_2330,1255294690
DQ,SuryanshBVerma,1255276138
DQ,rajanarahul,1255263618
DQ,vinayakgatade14,1255302495
DQ,loku_p,1255274474
DQ,theBiswaranjan-79,1255302566
DQ,davis_03,1255283273
DQ,sajalv_,1255278455
DQ,thasvinipm25,1255285733
DQ,raushan-thakur,1255290231
DQ,Mouli856,1255302695
DQ,prashantraghuvanshi788,1255302744
1395,user7399iY,1255296482
1398,saransh2002sharma,1255272939
1401,ayush241219,1255302922
DQ,priyatoshkadam,1255295417
DQ,parveshsaini,1255290776
DQ,Roshini_3031,1255303364
DQ,sadhukhansubham588,1255287521
DQ,Sat_yam_09,1255303436
DQ,tharunknkumar,1255303468
DQ,ag02012003,1255288942
DQ,muks79,1255278512
DQ,Shubham4621,1255266777
DQ,romian_98,1255286772
DQ,djcoder99,1255281685
DQ,Veeresh44,1255296606
DQ,GOKUL_N_CS,1255281092
DQ,HKS_TEST,1255288888
DQ,priyanshi_158,1255276841
DQ,shubhangi2753,1255288983
DQ,lazy_coder_44,1255294159
DQ,Rajitha_10,1255304451
DQ,harish_2810,1255304577
DQ,MonaTheDon,1255289289
DQ,gajendra34,1255297046
DQ,Kamal_Nath,1255286396
DQ,xiaomi_01,1255297262
1457,sidgautam007,1255283811
1459,SahasP,1255297385
1461,bitwizz21,1255277635
1464,anshu_09,1255305155
1465,_nithya-123,1255302699
1467,DevDynamo8765,1255274624
1469,am__kumar,1255290792
1472,pushkal_khatri2002,1255286159
1478,saikiran988,1255290434
1481,rishikesh32002,1255298877
1485,whattttttttt,1255253444
1486,d4rks8ul,1255297892
1495,NaveenSoni,1255274513
1497,zzzzz110101,1255275396
1502,manas_pathak_1,1255289424
1503,pkmcoding,1255271152
DQ,parvez_MD,1255305876
DQ,divyashanmugavel,1255305922
DQ,SarumathiKalidoss,1255303146
DQ,DheyjaysriS,1255306033
DQ,irwinekabakti,1255275107
DQ,Ta-runBairagi,1255268889
DQ,KeerthiVarmanK,1255306334
DQ,Anuj_Singh07,1255301375
DQ,asfdsgdgs,1255266321
DQ,ayushsachan7,1255306597
DQ,O8W3GTDU8V,1255285915
DQ,HarishNachiappan,1255306829
DQ,Devanshu-Sharma,1255283830
DQ,mdabucse,1255270028
DQ,mdfarhad2002,1255275973
DQ,BIRJUBHARTI,1255291775
DQ,_codinggirl_9122,1255306997
DQ,Mridhulla_shree,1255303551
DQ,priyankagorai123,1255303332
DQ,DXtR-05,1255285425
DQ,ashik_j,1255299972
DQ,Janetshiny,1255300082
DQ,Rithika_Ece93,1255305131
DQ,hritu_raj08,1255283636
DQ,guri_1,1255307896
DQ,SairantriPathak,1255280643
DQ,mercyno,1255271594
DQ,Radhika_Gaikwad,1255308055
DQ,CppISWorstLang,1255308065
DQ,nikhil_00,1255270387
DQ,ABHIXSLIET,1255308089
DQ,vai_wal_20703,1255300909
DQ,theyashwairagade,1255308407
DQ,krishal18,1255275809
DQ,gomathikishore2005,1255301932
DQ,dsssda,1255270519
DQ,Meenakshi_19,1255308506
DQ,sankalpashish022,1255308523
DQ,D_vijay,1255308585
DQ,Navinaa,1255308639
DQ,susitha2425,1255304222
DQ,Shamrutha_Ram,1255302986
DQ,dd297512,1255285977
DQ,Boopathi3299,1255308881
DQ,sreevidyapatamsetti,1255273936
DQ,iron_spider,1255294246
1593,Rudrakshh_045x,1255278707
DQ,crypticpeace,1255301790
DQ,singhakhandpratap70,1255308995
DQ,susmitha_sush,1255309033
DQ,drizzle_11,1255309049
DQ,F5WDW7K3pJ,1255305667
DQ,rushi_mungse,1255286143
DQ,saivigneshkondi,1255309475
DQ,Kingragnorr,1255309515
DQ,SANJANA7358,1255286815
DQ,Sahilhussain123,1255303340
DQ,sanskarverma12,1255279826
DQ,Stefanie874,1255309738
DQ,Vedhaashriyaa,1255287252
DQ,vishal2108,1255302694
DQ,ashish_jha1234,1255310312
DQ,willingly_me,1255302961
DQ,ChhotuKumar,1255298499
DQ,akshat018,1255310571
DQ,abhithecoder01,1255303252
DQ,vikasm7440,1255273574
DQ,sgr_das,1255310731
DQ,SANJAYRAJAN,1255307212
DQ,hemkumar200,1255310797
DQ,abhishekjat80094,1255303038
DQ,maayannk12,1255282681
DQ,MohammedSarim,1255273753
DQ,ssrj25,1255288449
DQ,eternatus_11,1255296257
DQ,Prashant_Pandey_766,1255290563
DQ,Recon_Abhi,1255296340
DQ,aashish369,1255311461
DQ,_utsavrai,1255284799
DQ,laxvijay_2000,1255284458
DQ,DAME_M,1255311598
DQ,Barkavi19,1255307416
DQ,beet_gaama_11,1255292442
DQ,SudharsanaK,1255311831
DQ,its_private,1255291815
DQ,ChaitanyaRam,1255312040
DQ,ayushjha3108,1255312110
DQ,havoc_07,1255278424
DQ,DMVaheen08,1255300674
DQ,vaibhavarshney8245,1255276248
DQ,UJJWAL2000,1255312294
DQ,abbash77,1255289801
DQ,ppranjan2404,1255291021
DQ,amrit_20_03,1255312555
DQ,Akshara_Reddy05,1255297814
DQ,gokulnath_2589,1255290174
DQ,nandita27iitp,1255305530
DQ,its_kartike,1255300462
DQ,tanuyadav,1255282457
DQ,onkarwatt001,1255298099
DQ,Abhigupta13,1255286383
DQ,harshadkhandare900,1255305844
DQ,Hidden_Shadow,1255288773
DQ,B_Vaishali,1255311128
DQ,sachitt_kumbhatt,1255305953
DQ,Altak,1255298434
DQ,raghavd13,1255293236
DQ,udits0999,1255290602
DQ,AVISHEKRANA123,1255282247
DQ,chiranjeevsehgal,1255276231
DQ,kaviya2522,1255298778
DQ,Kishore_CIT-AI,1255264058
DQ,shri_145,1255313759
DQ,hemasree_29,1255300644
DQ,pramit_nitro,1255306048
DQ,Sindhuja6382,1255313907
DQ,Cracker_23,1255313969
DQ,amitsahuk852,1255275635
DQ,pavinanaicker,1255271531
DQ,d_09,1255306984
DQ,Haruki25,1255296371
DQ,samiulislam,1255285575
DQ,lordoflegend2003,1255307045
DQ,sreejith16,1255299560
DQ,sangkavait,1255314164
DQ,Lakshana22,1255314170
DQ,agkl0901,1255282078
DQ,kiruba073,1255311436
DQ,nishanthan209,1255307314
DQ,sohamdascs,1255299954
1786,_Nani_Prabhakar__,1255281491
DQ,Eklavya_84,1255307475
DQ,Kavinnaresh,1255314526
DQ,krajnish3501,1255307574
DQ,sourav1202,1255292796
DQ,fawaz_the_coder,1255307963
DQ,revanthpasupuleti18,1255282595
DQ,211FA04653,1255292506
DQ,devendrakumar190404,1255274949
DQ,Vaibhav0460,1255269403
DQ,reet123,1255291505
DQ,Kanishk__gaur,1255305108
DQ,Sujj93,1255308136
DQ,Priyam_Kesarwani,1255300799
DQ,mdhanasri20,1255315232
DQ,Sanjay_13,1255315447
DQ,nikhilmaan,1255285835
DQ,obi_whatcannot_be,1255281856
DQ,aryannampally,1255301377
DQ,anujkumarsingh4817,1255275828
DQ,Ravindranath_Porandla,1255316159
DQ,NgoDinhCanh,1255309214
DQ,Rithika2206,1255316221
DQ,satendra_04,1255285730
DQ,priyanshu-thapliyal,1255273671
DQ,kd-83,1255316546
DQ,lavisha_4403,1255309639
DQ,godziy,1255296067
DQ,faah786,1255309649
DQ,RajanSingh08,1255279177
DQ,Karthi_2525,1255309940
DQ,RahulBansal2004,1255283528
DQ,HariniVelraj,1255316992
DQ,Ramshankar_Kumar123,1255310136
DQ,BlackBeard07,1255295207
DQ,umarom98425,1255291299
DQ,Mukeshanandg,1255317327
DQ,sweta312002,1255306269
DQ,divyansh1_1,1255317441
DQ,tanishk_pandey,1255303425
DQ,saifyssk04,1255295719
DQ,alokv0521,1255292474
DQ,faraz_mansoori,1255317740
DQ,Aslaan_Khan,1255303505
DQ,poojsri,1255317843
DQ,marripellisrija,1255310932
DQ,aptanand17,1255306496
DQ,sanket33245,1255293760
DQ,titan07,1255318119
DQ,pavi_2019,1255296471
DQ,mm3076,1255318371
DQ,Sadqua,1255286271
DQ,sri_246,1255311620
DQ,Alex_Immanuel,1255318633
DQ,dyhbcnysztdf6twruq,1255281255
DQ,VNithish,1255318683
DQ,Bhargavsuresh,1255318740
DQ,ProfessorMamba,1255311852
DQ,ferferrge,1255259554
DQ,A_ryan_Singh,1255319299
DQ,Ilakkiyasadiq,1255297557
DQ,ss944861,1255293963
DQ,blueassassin,1255312660
DQ,Will-of-D,1255271721
DQ,dixit_code,1255281105
DQ,dk2002one,1255312830
DQ,v_codes77,1255292426
DQ,CoderNik,1255312910
DQ,rushiiisb,1255319936
DQ,____rohan22,1255297017
DQ,vishnuvel_26,1255299000
DQ,hackerrankprashansa,1255305904
DQ,_dystopian,1255313143
DQ,devansh_2266,1255294354
DQ,pavitharanayaki,1255313260
DQ,at010303,1255291493
DQ,KawinP,1255320868
DQ,codemaniac_810,1255320881
DQ,adiRock,1255306868
DQ,17h4ck3r11,1255305592
DQ,HARSHA_3275,1255269853
DQ,gosharkaprava23,1255321173
DQ,Rhythm1027,1255303237
DQ,sauravsinha668,1255321327
DQ,SUNITHA_RAJ,1255314318
DQ,utkarsh_anand_,1255295374
DQ,utkarshagrahari0,1255299138
DQ,arjun_jadhav,1255297279
DQ,Varshu118,1255321621
DQ,2210089078,1255294107
DQ,srujanvarmapinnamaraju,1255272144
DQ,Bhanu_pranav,1255321752
DQ,MNARAYAN04,1255309252
DQ,ayush_g12,1255277130
DQ,nimesh_3010,1255308056
DQ,priyansh__9,1255317389
DQ,prakhar22571,1255280646
DQ,user1622FQ,1255308107
DQ,anandkumarjha4422,1255322099
DQ,lokeshmaurya01,1255319882
DQ,GURUVIJAYACIT,1255322373
DQ,manvardhansingh05,1255287989
DQ,Sakettiwari,1255322503
DQ,Yash_Agarwal09,1255298134
DQ,____Aditya01,1255317491
DQ,UditJoshi12,1255301640
DQ,jpsxia212kunalgupta,1255309125
DQ,kiteratsu30,1255273058
DQ,RaghavWadhwa16,1255293393
DQ,MAlekhya,1255316610
DQ,yashmondal5006,1255304562
DQ,MrStark8891,1255323577
DQ,Vikraman_P,1255323679
DQ,Kaneki183,1255295128
DQ,__nf3,1255286006
DQ,HariPreyadharshanSP,1255324051
DQ,__Rupanjali,1255286059
DQ,sachinsharma42,1255301480
DQ,jangly__,1255310635
DQ,HARISH_REDDY_CHILUMULA,1255313947
2174,varshaag,1255310794
DQ,vvidya01,1255322402
DQ,Gautam357,1255278610
DQ,gpta_me,1255318037
DQ,9fnyWbrCDX,1255324830
DQ,diwakarravikumar2004,1255323504
DQ,keshavbhutaani1360,1255318388
DQ,hasna_shaik05,1255322235
DQ,garimataya4,1255308043
DQ,devraj24,1255325312
DQ,Gokul435545,1255318648
DQ,akashyadav1119,1255325320
DQ,mrigankodhar0001,1255325407
DQ,Piyush7457,1255274089
DQ,harikay520,1255325653
DQ,shubhamthrills,1255300485
DQ,guts_and_blood247,1255325667
DQ,narendraydv12,1255325673
DQ,SoumilAggarwal,1255325720
DQ,mohitnara380,1255324580
DQ,praghavendar,1255319150
DQ,Kabilan_b,1255326101
DQ,Sahaj_Gupta,1255305324
DQ,Anuj_Babuu,1255305337
DQ,SuryaPrabha145,1255326222
DQ,nikilsaini65,1255320150
DQ,premvictus23,1255320236
DQ,ayushjhawar499,1255320238
DQ,mkaif2196,1255320833
DQ,akashraj6299,1255276032
DQ,CodeNobe,1255279956
DQ,rohan-thakur-7,1255299676
DQ,aryan9rana,1255321230
DQ,dhruvsavaliya110310,1255307186
DQ,mishraayush208014,1255283782
DQ,RitanshRajput,1255277739
DQ,dufresne0014,1255285308
DQ,harikrishnant,1255314402
DQ,harrydew,1255321557
DQ,alvathomas224,1255273474
DQ,KESHAVAGARWAL123,1255328295
DQ,sumithBare,1255321729
DQ,praveen_apb,1255314772
DQ,fabulous_aj,1255321802
DQ,vgarg837,1255328391
DQ,Hariharan_NM_IT,1255328451
DQ,_1harsh,1255328492
DQ,Shubham_Raj941,1255328503
DQ,ragavanprogrammer,1255328651
DQ,prayashbhuria931,1255317309
DQ,pr0ph3cyx_,1255284657
DQ,Gokulan_N,1255277517
DQ,abhin109,1255322460
DQ,Madhan10j,1255328998
DQ,DIGVIJAY2003,1255304889
DQ,akanksha2805,1255329272
DQ,Sanjoy2407,1255316012
DQ,user9779Ot,1255329471
DQ,Mohd_Sahil,1255323694
DQ,dhonirad1234,1255329528
DQ,akashchakraborty1839,1255329548
DQ,yashwant_yadav14,1255275940
DQ,Amo_2904,1255329803
DQ,2210080019,1255329842
DQ,abinavg2207,1255329863
DQ,cassioaugusto01,1255323341
DQ,Devanshu_3214,1255294942
DQ,Bhmi_1402,1255309951
DQ,abhayjoshi1104,1255317200
DQ,mohitnara,1255330538
DQ,Sanjayprakash27,1255326941
DQ,vishalkumar128000,1255275124
DQ,gunjan-g,1255310398
DQ,hyperalert,1255324204
DQ,D3VPAND3Y,1255324346
DQ,ekta_07,1255285197
DQ,Callme_Vikashkumar,1255331095
DQ,speedcuberayush,1255318122
DQ,cdhar,1255311335
DQ,wamansumit,1255296406
DQ,user5138Yl,1255331635
DQ,pratibhabharti2118,1255272439
DQ,bhargavi2026,1255278111
DQ,tanya1072,1255274008
DQ,srilaxmi09,1255319086
DQ,Prabal_01Code,1255312176
DQ,ponkrishnanp,1255325966
DQ,vinaysalve123,1255332456
DQ,sxin_code,1255319621
DQ,Raju2004,1255321269
DQ,user8278Vs,1255326264
DQ,21b01a0526,1255278421
DQ,GavinX29,1255295307
DQ,Niharika242,1255287205
DQ,user9947LG,1255326598
DQ,Csudhanshu,1255274382
DQ,anuishitagupta,1255333167
DQ,sureshnithin1729,1255333170
DQ,pathakharshit281,1255320149
DQ,singh96aman,1255326768
DQ,AnbarasiT,1255333297
DQ,user2031UQ,1255275016
DQ,Vaishalini_R,1255320205
DQ,Deepanshu1114,1255301575
DQ,dubeytarun1001,1255326871
DQ,pragyanand022,1255333412
DQ,S_SIDDHARTH,1255333504
DQ,shaileshwaran714,1255327272
DQ,ishikajain1234,1255327291
DQ,pavanemani,1255320688
DQ,NebulaNomad,1255298991
DQ,sai_sujal,1255313768
DQ,Sowmiyacit123,1255299431
DQ,ayush2448,1255296566
DQ,Pradeesh08,1255321148
DQ,shailee_gavnekar,1255314991
DQ,koushikreddy_009,1255334446
DQ,Gireesh_koshe,1255321613
DQ,javed1709,1255334564
DQ,raj_K123,1255270989
DQ,heetvadiya,1255328220
DQ,testaslkfjsakbhf,1255273687
DQ,user4609eh,1255313382
2518,_Abhishek1709_,1255287056
DQ,BEAST_17,1255328787
DQ,gloryyy03,1255308345
DQ,ranaabhishek9756,1255328903
DQ,VanshikaMarwaha,1255322694
DQ,sank555,1255278665
DQ,Princemann5656,1255308964
DQ,Charuthapa,1255270223
DQ,Zeeshan_Hasan_Khan,1255335975
DQ,agrawalriddhisiddhi8,1255301991
DQ,alokkumar9019,1255331601
DQ,Sumitpra99,1255329810
DQ,coderboiz321,1255316406
DQ,ankurpunia28,1255336419
DQ,digvijay76,1255312991
DQ,Narsipuram_sai_uma_sankar,1255309652
DQ,fgu3210,1255323441
DQ,tushar8979,1255336695
DQ,rujula07,1255336771
DQ,Lovelesh26,1255323808
DQ,ajay2728,1255278652
DQ,mparo,1255330513
DQ,jainasmita03,1255337050
DQ,KAVIYANS,1255329438
DQ,BROCODES2024,1255310322
DQ,PrinceOfSyntax,1255282611
DQ,dhuparsankalp,1255330665
DQ,faizansyed_7,1255337357
DQ,Rochak_tiwari_,1255330357
DQ,abhinav162,1255303331
DQ,andy199413,1255330858
DQ,arjunswaami1,1255337569
DQ,The_STK,1255333431
DQ,himanshuparashar0101,1255271503
DQ,amrizejk,1255337820
DQ,JintuMedhi,1255318100
DQ,mjay2812,1255295634
DQ,sammandy,1255317026
DQ,Arghya71,1255338086
DQ,Navneet_6387,1255271436
DQ,sarthak1500,1255277618
DQ,TerminatorSS24,1255331578
DQ,Nikhil_singh1313,1255338111
DQ,safuwan4676,1255318482
DQ,hitesh1211,1255283249
DQ,abhis6102003,1255325318
DQ,user4925i,1255264660
DQ,mittalpranay003,1255334207
DQ,P_Sharathkalyan,1255319232
DQ,aarchi_jain04,1255327267
DQ,deyvang_,1255332458
DQ,sonia_janyavula03,1255339254
DQ,Lucif3r_,1255319776
DQ,adi_9865,1255302645
DQ,darshika5406,1255339467
DQ,om_28302,1255291478
DQ,tangrine7,1255295583
DQ,venketeswar99,1255320209
DQ,Ankit7rma,1255298686
DQ,dg18,1255320422
DQ,keerthanak15,1255275386
DQ,Vivacious_12,1255333629
DQ,ritik_ranjan18,1255273186
DQ,logicloom7570,1255283801
DQ,amala_mahalakshmi,1255327604
DQ,DSamin,1255334179
DQ,seanshul21,1255323279
DQ,coding_cpp,1255310128
DQ,pranjali_sr,1255340662
DQ,Coding_kumar,1255340667
DQ,yashvardhann15,1255334366
DQ,tulugu_sai,1255321313
DQ,mayank_ara_08,1255298644
DQ,kalki299,1255340730
DQ,Ayushkr926,1255321566
DQ,Abhay911,1255334725
DQ,bbanerjee1002,1255287368
DQ,avoir_confiance,1255271948
DQ,mohitraj31,1255301337
DQ,deekshika1605,1255308032
DQ,biyaniayush11,1255294549
DQ,navneetk12,1255328631
DQ,Sayak03,1255300694
DQ,mahesh_kola,1255335624
DQ,Priyanka_Muthu,1255342097
DQ,JohnKevin_11,1255335316
DQ,Mithilesh_Aravind,1255342319
DQ,guptasatyamml,1255342325
DQ,Prathikshan,1255342340
DQ,netrapal,1255323848
DQ,Sahilllll_J,1255336051
DQ,ramkumar-18,1255336130
DQ,_iamavikr09,1255300965
DQ,Subha_shree07,1255270076
DQ,Amangoswami3210,1255327827
DQ,neeraj_nirala,1255342861
DQ,OwFCti16Ry,1255342871
DQ,parth0632,1255279235
DQ,gitanjzli,1255343219
DQ,mrroy_hub,1255301860
DQ,Ayushsinha_19,1255343277
DQ,Akashh02,1255336888
DQ,yashmenaria,1255283841
DQ,keerthana_p11,1255343445
DQ,sowmyaarumugam,1255341985
DQ,saltine_salad,1255330569
DQ,krishnag_04,1255343600
DQ,rishikr_LC,1255344040
DQ,EVELYNBEATRICE_A,1255344092
DQ,rahulvk18599,1255344359
DQ,sakshi_gupta01,1255324817
DQ,infinite_asp,1255344448
DQ,NTlL3xZNqp,1255325194
DQ,user2099DM,1255344904
DQ,___sharma___ps,1255344987
DQ,Aquinx,1255295059
DQ,abinayaVasu,1255343537
DQ,kishantiwariii,1255325621
DQ,Neha__2003,1255338722
DQ,amanjaiswar_26,1255332264
DQ,Aishwaryaa_K,1255325965
DQ,shrey_30,1255332434
DQ,madhavmgupta,1255338979
DQ,Gagan_ggs,1255345801
DQ,sayhet,1255332722
DQ,yuvarajkumar093,1255346051
DQ,Nikhil_The_Avenger,1255286664
DQ,DhenishaaVN,1255345392
DQ,JENIFA_S_JOANNA,1255333540
DQ,Jagan33,1255346755
DQ,chayanghosh185,1255333976
DQ,khusheranjan19,1255347333
DQ,202103009,1255313990
DQ,yaxshagarwal,1255340494
DQ,argh25a,1255340672
DQ,21R01A05H6,1255328219
DQ,Phantom_Supernova_3,1255321712
DQ,super69,1255292695
DQ,Shreyasi_Sen,1255335022
DQ,anushkaagrawal702,1255291355
DQ,gayathri_2004,1255322696
DQ,Nandhini_Gangatharan,1255342233
DQ,rishit_baliyan_1009,1255342391
DQ,abhijeet610singh,1255329567
DQ,Deepika_Binjola,1255341391
DQ,JonJenson,1255297885
DQ,tukesh_,1255318887
DQ,Ksandesh7,1255342978
DQ,resham_hansdah,1255277889
DQ,Abhi_220703,1255336685
DQ,Sindhubodapati,1255343184
DQ,rishabh_my_name,1255264489
DQ,Sachin20012002,1255343636
DQ,gauravbajpaye,1255337222
DQ,Kavi03Invincible,1255303171
DQ,siddharthp17,1255330935
DQ,Ragul2818,1255331179
DQ,AlgorithmicSage,1255344648
DQ,6299416649,1255344782
DQ,ayushp8573,1255285472
DQ,mano_o,1255344918
DQ,Shubham_Redoc,1255338462
DQ,Keshav_tandon,1255342991
DQ,dir_rudra,1255338511
DQ,devadharshini_007,1255334574
DQ,code_infinity180,1255328782
DQ,harini_g_be,1255322895
DQ,dattanirmalya97,1255345740
DQ,jeevika21,1255345761
DQ,kanikachouhan57822,1255312805
DQ,mayukh_biswas,1255339477
DQ,pvsm,1255333738
DQ,Ritik_roy,1255346883
DQ,Nitchaya_Reddy,1255347263
DQ,shweta94_,1255334040
DQ,abhiraj07,1255327637
DQ,ryzen27992,1255306258
DQ,nakul_anjaneyulu04,1255330225
DQ,DSADSADASD,1255341335
DQ,debanjanadebiswas,1255341368
DQ,srivathsan45s,1255328527
DQ,laghav_,1255341552
DQ,Amarkant10,1255322074
DQ,VISHAAL-KUMAR,1255301078
DQ,MoharMaity,1255335868
DQ,pranesh290405,1255329381
DQ,aadarshsonkar,1255297210
DQ,adityakhevaria,1255342430
3065,_UdayRaj_,1255327817
DQ,Utsab004,1255302684
DQ,alpha404,1255304175
DQ,Samrudhi_01,1255317801
DQ,Riteshyadav0101,1255338159
DQ,raginisharma6604,1255345149
DQ,raviranjan15aug2002,1255345167
DQ,AbhishekRana23,1255338601
DQ,dcpandey,1255332565
DQ,mastermanny,1255293147
DQ,hancker,1255347394
DQ,Harsiith_15,1255296408
DQ,depikag21,1255307718
DQ,jayasri_0807,1255341918
DQ,sandhyayaramaty,1255329030
DQ,SOOS2908,1255342058
DQ,nikhilbiyani2406,1255336176
DQ,learning-,1255340649
DQ,abhiprakash2005,1255323451
DQ,adithyahebbar32,1255309811
DQ,ankit_0107kr,1255292092
DQ,aman_088,1255301764
DQ,AegonTheConqeuror,1255343725
DQ,praneeth_nellut1,1255335499
DQ,prybruhta,1255331811
DQ,227r1a6222,1255318790
DQ,nishchay_2002,1255330829
DQ,p2ps,1255325787
DQ,heyitzharshit,1255325033
DQ,version0chiro,1255332654
DQ,dev102021,1255345825
DQ,Akshaya_R_B,1255326500
DQ,Arvindkumar07,1255333002
DQ,mooncat2k4,1255333244
DQ,IamMdImran-solver,1255285497
DQ,Akshiv16,1255340510
DQ,hakunama_tata,1255286343
DQ,bale22rmcf,1255292964
DQ,AvnishTiwari8,1255342362
DQ,Deepan_1907,1255332282
DQ,vedantpawar154,1255300895
DQ,himanshurathore158,1255330389
DQ,bhanunegi420,1255287124
DQ,utsabhaldar,1255322363
DQ,Mohammed_Raziullah_Ansari,1255338795
DQ,smarakpatra2711,1255346257
DQ,atharvaparab9160,1255346406
DQ,h_agrawal6754,1255267698
DQ,sirajunnisha,1255340961
DQ,NSr_wang,1255334811
DQ,anuj07,1255341556
DQ,nishant_raghuwanshi,1255315180
DQ,santhosh5424,1255335260
DQ,jasmitha17,1255342104
DQ,rajavarapuavinash57,1255283285
DQ,anushka_dahiya,1255343225
DQ,dharavathrahulsir,1255295754
DQ,Rajeswari_kuntluru5,1255338182
DQ,sb_decoder,1255331988
DQ,thakuryashant100,1255337610
DQ,PradeepS_17,1255340455
DQ,gaganjnv2001,1255293679
DQ,maihoonprinx,1255335570
DQ,architj6,1255329248
DQ,shivkant_1729,1255333768
DQ,sriharan780,1255329710
DQ,darkm4tter,1255343490
DQ,218r1a05n6,1255322598
DQ,rajpratapgit,1255275895
DQ,aditya_yadav07,1255326853
DQ,patrick_deve03,1255346853
DQ,ajaykumarajay2582,1255347291
DQ,poojanascse,1255278789
DQ,AnkurG264,1255332543
DQ,hoang_soict,1255310330
DQ,saravind_Leetcode,1255324276
DQ,harshkumar14111801,1255288093
3377,mohitmuthyalarao,1255340195
DQ,harshh__00o8,1255347409
DQ,NattapongJonus,1255266486
DQ,amar-codingenthusiast,1255341278
DQ,Partha010703,1255341390
DQ,singh2002shubham1947,1255342361
DQ,Dark_World28,1255330875
DQ,kshatriya_25,1255319927
3387,DHANESHJOSHI,1255329469
3398,raosahab1e,1255323280
3401,dpschauhan23nov,1255345618
3403,adhithya_l,1255336346
DQ,Aryandeo_singh,1255344233
3405,joshirpf,1255281653
3407,handfull888,1255312375
3410,bethomas00,1255333379
3411,AnshSaxena1,1255346663
3412,estracto,1255303628
3414,sachingagneja,1255339452
3415,siddarth_balor,1255308143
3418,kamali_13,1255322907
DQ,Ayanspeaks,1255339875
DQ,bhanu_priya,1255333918
DQ,rakesh1819,1255336846
DQ,yashkhetan44,1255269807
DQ,WHem62WFOH,1255281140
DQ,Yuvarajasai_21,1255287330
DQ,aishwaryadeshmukh337,1255278660
DQ,projectvchat55,1255268996
DQ,tharunkumar_b,1255283138
3422,Chetana_G,1255299288
3423,nihkilshivhare2026,1255273873
DQ,Shivaprasad_M,1255306618
DQ,tresph124,1255311997
DQ,0pkdEEfsDv,1255312817
